-- --------------------------------------------------------
-- 主机:                           127.0.0.1
-- 服务器版本:                        8.0.36 - MySQL Community Server - GPL
-- 服务器操作系统:                      Win64
-- HeidiSQL 版本:                  12.6.0.6765
-- --------------------------------------------------------

/*!40101 SET @OLD_CHARACTER_SET_CLIENT=@@CHARACTER_SET_CLIENT */;
/*!40101 SET NAMES utf8 */;
/*!50503 SET NAMES utf8mb4 */;
/*!40103 SET @OLD_TIME_ZONE=@@TIME_ZONE */;
/*!40103 SET TIME_ZONE='+00:00' */;
/*!40014 SET @OLD_FOREIGN_KEY_CHECKS=@@FOREIGN_KEY_CHECKS, FOREIGN_KEY_CHECKS=0 */;
/*!40101 SET @OLD_SQL_MODE=@@SQL_MODE, SQL_MODE='NO_AUTO_VALUE_ON_ZERO' */;
/*!40111 SET @OLD_SQL_NOTES=@@SQL_NOTES, SQL_NOTES=0 */;


-- 导出 music 的数据库结构
CREATE DATABASE IF NOT EXISTS `music` /*!40100 DEFAULT CHARACTER SET utf8mb4 COLLATE utf8mb4_unicode_ci */ /*!80016 DEFAULT ENCRYPTION='N' */;
USE `music`;

-- 导出  表 music.admin 结构
CREATE TABLE IF NOT EXISTS `admin` (
  `id` int unsigned NOT NULL AUTO_INCREMENT COMMENT '主键id',
  `name` varchar(45) NOT NULL COMMENT '管理员名',
  `password` varchar(45) NOT NULL COMMENT '管理员密码',
  `create_time` datetime DEFAULT CURRENT_TIMESTAMP COMMENT '创建时间',
  `update_time` datetime DEFAULT CURRENT_TIMESTAMP ON UPDATE CURRENT_TIMESTAMP COMMENT '更新时间',
  `is_deleted` tinyint(1) NOT NULL DEFAULT '0' COMMENT '逻辑删除标志',
  PRIMARY KEY (`id`),
  UNIQUE KEY `name_UNIQUE` (`name`) USING BTREE
) ENGINE=InnoDB AUTO_INCREMENT=2 DEFAULT CHARSET=utf8mb3 COMMENT='管理员信息';

-- 正在导出表  music.admin 的数据：~0 rows (大约)
DELETE FROM `admin`;
INSERT INTO `admin` (`id`, `name`, `password`, `create_time`, `update_time`, `is_deleted`) VALUES
	(1, 'admin', 'c657540d5b315892f950ff30e1394480', '2024-05-24 11:07:13', '2024-05-24 15:16:51', 0);

-- 导出  表 music.banner 结构
CREATE TABLE IF NOT EXISTS `banner` (
  `id` int NOT NULL AUTO_INCREMENT COMMENT '主键id',
  `pic` varchar(255) NOT NULL COMMENT '图片路径',
  `create_time` datetime DEFAULT CURRENT_TIMESTAMP COMMENT '创建时间',
  `update_time` datetime DEFAULT CURRENT_TIMESTAMP ON UPDATE CURRENT_TIMESTAMP COMMENT '更新时间',
  `is_deleted` tinyint(1) NOT NULL DEFAULT '0' COMMENT '逻辑删除标志',
  PRIMARY KEY (`id`)
) ENGINE=InnoDB AUTO_INCREMENT=9 DEFAULT CHARSET=utf8mb3 COMMENT='轮播图';

-- 正在导出表  music.banner 的数据：~8 rows (大约)
DELETE FROM `banner`;
INSERT INTO `banner` (`id`, `pic`, `create_time`, `update_time`, `is_deleted`) VALUES
	(1, '/img/swiper/1.png', '2024-05-24 11:10:09', '2024-05-25 14:14:14', 0),
	(2, '/img/swiper/2.png', '2024-05-24 11:10:09', '2024-05-25 14:14:12', 0),
	(3, '/img/swiper/3.png', '2024-05-24 11:10:09', '2024-05-25 14:14:11', 0),
	(4, '/img/swiper/4.png', '2024-05-24 11:10:09', '2024-05-25 14:29:13', 0),
	(5, '/img/swiper/5.png', '2024-05-24 11:10:09', '2024-05-25 14:14:09', 0),
	(6, '/img/swiper/6.png', '2024-05-24 11:10:09', '2024-05-25 14:30:37', 0),
	(7, '/img/swiper/7.png', '2024-05-24 11:10:09', '2024-05-25 14:14:06', 0),
	(8, '/img/swiper/8.png', '2024-05-24 11:10:09', '2024-05-25 14:06:26', 0);

-- 导出  表 music.collect 结构
CREATE TABLE IF NOT EXISTS `collect` (
  `id` int unsigned NOT NULL AUTO_INCREMENT COMMENT '主键id',
  `user_id` int unsigned NOT NULL COMMENT '用户id',
  `type` tinyint NOT NULL COMMENT '收藏类型',
  `song_id` int unsigned DEFAULT NULL COMMENT '歌曲id',
  `song_list_id` int unsigned DEFAULT NULL COMMENT '歌单id',
  `create_time` datetime DEFAULT CURRENT_TIMESTAMP COMMENT '创建时间',
  `update_time` datetime DEFAULT CURRENT_TIMESTAMP ON UPDATE CURRENT_TIMESTAMP COMMENT '更新时间',
  `is_deleted` tinyint(1) NOT NULL DEFAULT '0' COMMENT '逻辑删除标志',
  PRIMARY KEY (`id`)
) ENGINE=InnoDB DEFAULT CHARSET=utf8mb3 COMMENT='收藏信息';

-- 正在导出表  music.collect 的数据：~0 rows (大约)
DELETE FROM `collect`;

-- 导出  表 music.comment 结构
CREATE TABLE IF NOT EXISTS `comment` (
  `id` int unsigned NOT NULL AUTO_INCREMENT COMMENT '主键id',
  `user_id` int unsigned NOT NULL COMMENT '用户id',
  `song_id` int unsigned DEFAULT NULL COMMENT '歌曲id',
  `song_list_id` int unsigned DEFAULT NULL COMMENT '歌单id',
  `content` varchar(255) DEFAULT NULL COMMENT '评论内容',
  `type` tinyint NOT NULL COMMENT '评论类型',
  `up` int unsigned NOT NULL DEFAULT '0' COMMENT '评论作者',
  `create_time` datetime DEFAULT CURRENT_TIMESTAMP COMMENT '创建时间',
  `update_time` datetime DEFAULT CURRENT_TIMESTAMP ON UPDATE CURRENT_TIMESTAMP COMMENT '更新时间',
  `is_deleted` tinyint(1) NOT NULL DEFAULT '0' COMMENT '逻辑删除标志',
  PRIMARY KEY (`id`)
) ENGINE=InnoDB DEFAULT CHARSET=utf8mb3 COMMENT='评论信息';

-- 正在导出表  music.comment 的数据：~0 rows (大约)
DELETE FROM `comment`;

-- 导出  表 music.consumer 结构
CREATE TABLE IF NOT EXISTS `consumer` (
  `id` int unsigned NOT NULL AUTO_INCREMENT COMMENT '主键id',
  `username` varchar(255) NOT NULL COMMENT '用户名',
  `password` varchar(100) NOT NULL COMMENT '用户密码',
  `sex` tinyint DEFAULT NULL COMMENT '性别',
  `phone_num` char(15) DEFAULT NULL COMMENT '电话号码',
  `email` char(30) DEFAULT NULL COMMENT '邮箱',
  `birth` date DEFAULT NULL COMMENT '生日',
  `introduction` varchar(255) DEFAULT NULL COMMENT '简介',
  `location` varchar(45) DEFAULT NULL COMMENT '位置',
  `avatar` varchar(255) DEFAULT NULL COMMENT '头像',
  `create_time` datetime DEFAULT CURRENT_TIMESTAMP COMMENT '创建时间',
  `update_time` datetime DEFAULT CURRENT_TIMESTAMP ON UPDATE CURRENT_TIMESTAMP COMMENT '更新时间',
  `is_deleted` tinyint(1) NOT NULL DEFAULT '0' COMMENT '逻辑删除标志',
  PRIMARY KEY (`id`),
  UNIQUE KEY `username_UNIQUE` (`username`),
  UNIQUE KEY `phone_num_UNIQUE` (`phone_num`),
  UNIQUE KEY `email_UNIQUE` (`email`)
) ENGINE=InnoDB AUTO_INCREMENT=8 DEFAULT CHARSET=utf8mb3 COMMENT='用户信息';

-- 正在导出表  music.consumer 的数据：~2 rows (大约)
DELETE FROM `consumer`;
INSERT INTO `consumer` (`id`, `username`, `password`, `sex`, `phone_num`, `email`, `birth`, `introduction`, `location`, `avatar`, `create_time`, `update_time`, `is_deleted`) VALUES
	(2, 'magic', '25dd5b0e051818976bd12fc5324580a0', 1, '18608264224', '3236447743@qq.com', '2024-05-23', '奋斗不息', '', '/img/avatar/avatar.jpg', '2024-05-24 19:41:44', '2024-05-25 17:23:33', 0),
	(7, 'tom', '4d5d7371608ba9d2a1a5011ea3b5dc54', 1, '18608264554', '3236447746@qq.com', '2006-05-16', '', '', '/img/avatar/avatar.jpg', '2024-05-30 11:29:06', '2024-05-30 11:29:06', 0);

-- 导出  表 music.list_song 结构
CREATE TABLE IF NOT EXISTS `list_song` (
  `id` int unsigned NOT NULL AUTO_INCREMENT COMMENT '主键id',
  `song_id` int unsigned NOT NULL COMMENT '歌曲id',
  `song_list_id` int unsigned NOT NULL COMMENT '歌单id',
  `create_time` datetime DEFAULT CURRENT_TIMESTAMP COMMENT '创建时间',
  `update_time` datetime DEFAULT CURRENT_TIMESTAMP ON UPDATE CURRENT_TIMESTAMP COMMENT '更新时间',
  `is_deleted` tinyint(1) NOT NULL DEFAULT '0' COMMENT '逻辑删除标志',
  PRIMARY KEY (`id`)
) ENGINE=InnoDB AUTO_INCREMENT=12 DEFAULT CHARSET=utf8mb3 COMMENT='歌单、歌曲关联表';

-- 正在导出表  music.list_song 的数据：~8 rows (大约)
DELETE FROM `list_song`;
INSERT INTO `list_song` (`id`, `song_id`, `song_list_id`, `create_time`, `update_time`, `is_deleted`) VALUES
	(4, 5, 1, '2024-05-25 16:53:26', '2024-05-25 16:53:26', 0),
	(5, 4, 2, '2024-05-25 16:53:45', '2024-05-25 16:53:45', 0),
	(6, 58, 2, '2024-05-25 16:54:08', '2024-05-25 16:54:08', 0),
	(7, 113, 3, '2024-05-25 16:54:19', '2024-05-25 16:54:19', 0),
	(8, 89, 1, '2024-05-25 16:54:32', '2024-05-25 16:54:32', 0),
	(9, 87, 4, '2024-05-25 16:54:47', '2024-05-25 16:54:47', 0),
	(10, 93, 4, '2024-05-25 16:54:55', '2024-05-25 16:54:55', 0),
	(11, 100, 5, '2024-05-25 16:55:10', '2024-05-25 16:55:10', 0);

-- 导出  表 music.rank_list 结构
CREATE TABLE IF NOT EXISTS `rank_list` (
  `id` bigint unsigned NOT NULL AUTO_INCREMENT COMMENT '主键id',
  `song_list_id` bigint unsigned NOT NULL COMMENT '歌单id',
  `consumer_id` bigint unsigned NOT NULL COMMENT '用户id',
  `score` int unsigned NOT NULL DEFAULT '0' COMMENT '评分',
  `create_time` datetime DEFAULT CURRENT_TIMESTAMP COMMENT '创建时间',
  `update_time` datetime DEFAULT CURRENT_TIMESTAMP ON UPDATE CURRENT_TIMESTAMP COMMENT '更新时间',
  `is_deleted` tinyint(1) NOT NULL DEFAULT '0' COMMENT '逻辑删除标志',
  PRIMARY KEY (`id`),
  UNIQUE KEY `consumerId` (`consumer_id`,`song_list_id`)
) ENGINE=InnoDB AUTO_INCREMENT=15 DEFAULT CHARSET=utf8mb3 COMMENT='评分信息';

-- 正在导出表  music.rank_list 的数据：~2 rows (大约)
DELETE FROM `rank_list`;
INSERT INTO `rank_list` (`id`, `song_list_id`, `consumer_id`, `score`, `create_time`, `update_time`, `is_deleted`) VALUES
	(12, 21, 2, 10, '2024-05-25 16:30:59', '2024-05-25 16:31:59', 0),
	(13, 5, 2, 10, '2024-05-25 16:55:20', '2024-05-25 16:55:20', 0),
	(14, 1, 2, 10, '2024-05-26 10:21:34', '2024-05-26 10:21:34', 0);

-- 导出  表 music.singer 结构
CREATE TABLE IF NOT EXISTS `singer` (
  `id` int unsigned NOT NULL AUTO_INCREMENT COMMENT '主键id',
  `name` varchar(45) NOT NULL COMMENT '歌手名',
  `sex` tinyint DEFAULT NULL COMMENT '性别',
  `pic` varchar(255) DEFAULT NULL COMMENT '图片',
  `birth` date DEFAULT NULL COMMENT '生日',
  `location` varchar(45) DEFAULT NULL COMMENT '位置',
  `introduction` varchar(255) DEFAULT NULL COMMENT '简介',
  `create_time` datetime DEFAULT CURRENT_TIMESTAMP COMMENT '创建时间',
  `update_time` datetime DEFAULT CURRENT_TIMESTAMP ON UPDATE CURRENT_TIMESTAMP COMMENT '更新时间',
  `is_deleted` tinyint(1) NOT NULL DEFAULT '0' COMMENT '逻辑删除标志',
  PRIMARY KEY (`id`)
) ENGINE=InnoDB AUTO_INCREMENT=34 DEFAULT CHARSET=utf8mb3 COMMENT='歌手信息';

-- 正在导出表  music.singer 的数据：~32 rows (大约)
DELETE FROM `singer`;
INSERT INTO `singer` (`id`, `name`, `sex`, `pic`, `birth`, `location`, `introduction`, `create_time`, `update_time`, `is_deleted`) VALUES
	(1, '张杰', 1, '/img/singerPic/zhangjie.png', '1982-12-20', '中国四川', '华语歌坛新生代领军人物，偶像与实力兼具的超人气天王。2004年出道至今，已发行9张高品质唱片，唱片销量称冠内地群雄。2008年以来举办过9场爆满的个人演唱会，在各大权威音乐奖项中先后21次获得“最受欢迎男歌手”称号，2012年度中国TOP排行榜内地最佳男歌手，2010年在韩国M-net亚洲音乐大赏(MAMA)上获得“亚洲之星”（Best Asian Artist）大奖，影响力触及海外。', '2024-05-24 11:12:33', '2024-05-26 20:05:07', 0),
	(2, '周杰伦', 1, '/img/singerPic/zhoujielun.png', '1979-01-08', '中国台湾', '著名歌手，音乐人，词曲创作人，编曲及制作人，MV及电影导演。新世纪华语歌坛领军人物，中国风歌曲始祖，被时代周刊誉为“亚洲猫王”，是2000年后亚洲流行乐坛最具革命性与指标性的创作歌手，亚洲销量超过3100万张，有“亚洲流行天王”之称，开启华语乐坛“R&B时代”与“流行乐中国风”的先河，周杰伦的出现打破了亚洲流行乐坛长年停滞不前的局面，为亚洲流行乐坛翻开了新的一页，是华语乐坛真正把R&B提升到主流高度的人物，引领华语乐坛革命整十年，改写了华语乐坛的流行方向。', '2024-05-24 11:12:33', '2024-05-26 20:03:35', 0),
	(3, '林允儿', 0, '/img/singerPic/linyuner.png', '1990-05-30', '韩国', '1990年5月30日出生于韩国首尔永登浦区，韩国女歌手、演员、主持人，女子演唱团体少女时代成员之一。2002年，林允儿参加韩国SM娱乐有限公司的选秀而进入SM公司成为旗下练习生。2007年8月5日，以演唱团体少女时代成员身份正式出道。2008年主演情感剧《你是我的命运》获得第45届韩国百想艺术大赏电视剧类最佳新人女演员奖和人气女演员奖。2009年主演励志爱情剧《乞丐变王子》...', '2024-05-24 11:12:33', '2024-05-26 20:06:16', 0),
	(4, '陈奕迅', 1, '/img/singerPic/chenyixun.jpg', '1974-07-27', '中国香港', '著名实力派粤语流行音乐歌手、演员，香港演艺人协会副会长之一，曾被美国《时代杂志》形容为影响香港乐坛风格的人物，同时也是继许冠杰、张学友之后第三个获得“歌神”称号的香港男歌手。同时他也是继张学友后另一个在台湾获得成功的香港歌手，在2003年他成为了第二个拿到台湾金曲奖“最佳国语男演唱人”的香港歌手。陈奕迅曾被《时代》杂志形容为影响香港乐坛风格的人物。2010年，陈奕迅入选全球华人音乐殿堂华语金曲奖“30年经典评选”，成为1990年代出道歌手唯一代表。', '2024-05-24 11:12:33', '2024-05-24 11:12:33', 0),
	(5, 'G.E.M.邓紫棋', 0, '/img/singerPic/dengziqi.jpg', '1974-07-27', '中国上海', '成长于一个音乐世家，其母亲为上海音乐学院声乐系毕业生，外婆教唱歌，舅父拉小提琴，外公在乐团吹色士风。在家人的熏陶下，自小便热爱音乐，喜爱唱歌，与音乐结下不解之缘。G.E.M.在5岁的时候已经开始尝试作曲及填词，13岁完成了8级钢琴。G.E.M.在小学时期就读位于太子道西的中华基督教会协和小学上午校，为2003年的毕业生，同时亦为校内诗歌班成员。其英文名G.E.M.是Get Everybody Moving的缩写，象徵著她希望透过音乐让大家动起来的梦想。', '2024-05-24 11:12:33', '2024-05-24 11:12:33', 0),
	(7, '艺声', 1, '/img/singerPic/yisheng.jpg', '1984-08-24', '韩国', '韩国著名男子团体Super Junior成员之一。2001年参加Starlight Casting System Casting，获得SM BEST选拔大赛歌唱赛第一名。经过长达5年的练习生训练，于2005年11月6日以Super Junior的身份正式出道。有着“艺术般声音”的他，被冠以“艺声”这个名号，是队中公认唱功最好的成员之一，因深沉、富有磁性且感情丰富的嗓音而在队里担当主唱。曾表演音乐剧、为多部电视剧演唱OST。值得一提的是，他也是朱一丹女士的疯狂追求者之一。', '2024-05-24 11:12:33', '2024-05-24 11:12:33', 0),
	(8, '王力宏', 1, '/img/singerPic/wanglihong.png', '1976-05-17', '美国', '中国著名流行歌手、词曲创作音乐人；亚洲华语流行乐坛最具代表性的创作、偶像、实力派音乐偶像巨星。1995年发行首张专辑《情敌贝多芬》在台湾出道，亦是金曲奖中最年轻的封王者，其唱片总销量在全亚洲已超过2500万张。从改编歌曲《龙的传人》融合西方电子节奏和东方旋律的华人中式嘻哈风，再到为华语流行乐注入新元素，进一步将其推向全世界。超高唱片销量便可以证明力宏的影响力毋庸置疑的强。况且身为金曲奖常客，3次接受CNN电视台访问。首创Chinked-out曲风，将中国风推向世界。', '2024-05-24 11:12:33', '2024-05-26 20:07:58', 0),
	(9, '李荣浩', 1, '/img/singerPic/lironghao.png', '1985-07-11', '中国安徽', '李荣浩，1985年7月11日生于蚌埠，中国流行音乐制作人、歌手、吉他手。曾为众多艺人创作歌曲以及担任制作人，也曾为多部电影与多款电子游戏制作音乐。2013年9月17日发行个人首张原创专辑《模特》，凭借这张专辑入围第25届金曲奖最佳国语男歌手奖、最佳新人奖、最佳专辑制作人、最佳国语专辑、最佳作词奖等五项大奖提名，成为最大黑马，实现了从制作人到歌手的华丽转身。', '2024-05-24 11:12:33', '2024-05-26 20:09:14', 0),
	(10, '田馥甄', 0, '/img/singerPic/tianfuzhen.jpg', '1983-03-30', '中国台湾', '艺名Hebe，台湾知名女艺人，女子演唱团体S.H.E组合成员，出生于台湾新竹县新丰乡，于2000年参加“宇宙2000实力美少女争霸战”选秀活动，并于同年与宇宙唱片（华研唱片前身）签约培训，接着在隔年与Selina、Ella组成S.H.E，并于2001年9月11日发行S.H.E首张专辑《女生宿舍》正式出道。2010年下半年，S.H.E正式迈向“单飞不解散”阶段，接着同年9月3日，使用本名“田馥甄”推出首张个人专辑《To Hebe》', '2024-05-24 11:12:33', '2024-05-25 16:34:56', 0),
	(11, '许嵩', 1, '/img/singerPic/xusong.jpg', '1986-05-14', '中国安徽', '著名作词人、作曲人、唱片制作人、歌手。内地独立音乐之标杆人物，有音乐鬼才之称。2009年独立出版首张词曲全创作专辑《自定义》，2010年独立出版第二张词曲全创作专辑《寻雾启示》，两度掀起讨论热潮，一跃成为内地互联网讨论度最高的独立音乐人。2011年加盟海蝶音乐，推出第三张词曲全创作专辑《苏格拉没有底》，发行首月即在大陆地区摘下唱片销量榜冠军，轰动全国媒体，并拉开全国巡回签售及歌迷见面会。', '2024-05-24 11:12:33', '2024-05-25 16:34:56', 0),
	(12, '张国荣', 1, '/img/singerPic/zhangguorong.jpg', '1956-09-12', '中国香港', '张国荣是一位在全球华人社会和亚洲地区具有影响力的著名歌手、演员和音乐人；大中华区乐坛和影坛巨星；演艺圈多栖发展最成功的代表之一。张国荣是香港乐坛的殿堂级歌手之一，曾获得香港乐坛最高荣誉金针奖；他是第一位享誉韩国乐坛的华人歌手，亦是华语唱片在韩国销量纪录保持者。他通晓词曲创作，曾担任过MTV导演、唱片监制、电影编剧、电影监制。他于1991年当选香港电影金像奖影帝。。。', '2024-05-24 11:12:33', '2024-05-25 16:34:58', 0),
	(13, '杨宗纬', 1, '/img/singerPic/yangzongwei.jpg', '1978-04-04', '中国台湾', '大学时期参加台湾歌唱选秀节目《超级星光大道》获选为第一届“人气王”。比赛的时候，杨宗纬歌声阳刚而细腻，富含感情，辨识度高，感染力强，以演唱抒情歌曲见长，选曲跨越性别界线，无论是男女歌手的抒情歌曲，经过他重新诠释之后，常常都可以得到不输原唱或甚至超越原唱的评价。出道后屡创多项记录，包括发行首张专辑，便以新人之姿登上台北小巨蛋举办个人演唱会。。。', '2024-05-24 11:12:33', '2024-05-25 16:34:59', 0),
	(14, '朴树', 1, '/img/singerPic/pushu.jpg', '1973-11-08', '中国江苏', '中国大陆歌手，音乐人。1996年10月正式成为“麦田音乐”签约歌手，为简略笔划而定艺名朴树。首支单曲《火车开往冬天》，96年底推出后成绩斐然。99年1月，推出首张个人专辑《我去两千年》。99年12月与华纳唱片正式签订唱片合约，成为其亚太区旗下的第一位内地歌手，其首张专辑《我去两千年》将由华纳重新混录和拍摄最新单曲录影带后，于2000年上半年在海外隆重上市。代表作品：《那些花儿》，《白桦林》，《生如夏花》。主要成就：中歌榜最佳新人奖，最受欢迎男歌手，年度最佳制作人奖。', '2024-05-24 11:12:33', '2024-05-25 16:35:00', 0),
	(15, '李克勤', 1, '/img/singerPic/likeqin.jpg', '1967-12-06', '中国香港', '中国香港很有影响力的粤语流行曲歌手与演员。1985年凭《雾之恋》夺得“十九区业余歌唱大赛”冠军而晋身乐坛。曾于2002、2003和2005年度《十大劲歌金曲颁奖典礼》中三度夺得「最受欢迎男歌手」，于2003年度《叱吒乐坛流行榜颁奖典礼》上获得「叱吒乐坛我最喜爱的男歌手」，并于《第二十七届十大中文金曲颁奖典礼》(2004年度)上夺得「最优秀流行男歌手大奖」，2010年度音乐先锋榜颁奖礼 ── 20家电台联颁亚太歌手奖。', '2024-05-24 11:12:33', '2024-05-25 16:35:01', 0),
	(16, '张碧晨', 0, '/img/singerPic/zhangbichen.jpg', '1989-09-10', '中国天津', '1989年9月10日出生于中国天津，中国女歌手。 2013年，张碧晨以韩国女子组合“Sunny days ”出道，并获得“K-POP ”世界庆典“最优秀奖”。2014年7月，张碧晨参加第三季《中国好声音》，以一首《她说》进入那英组，并于10月7日以一首《时间去哪儿了》荣获第三季《中国好声音》全国总冠军，成为《中国好声音》首位女冠军。', '2024-05-24 11:12:33', '2024-05-25 16:35:03', 0),
	(17, 'IU', 0, '/img/singerPic/IU.jpg', '1993-05-16', '韩国', '李知恩 (IU)，1993年5月16日出生于韩国首尔特别市，韩国女歌手、演员、主持人。2008年以一首《迷儿》正式出道，历经一年的练习生生涯。2011年以一首《好日子》在韩国走红，随后于2011年末推出正规二辑《Last Fantasy》 PK记录74次，AK约90次。2013年IU发行正规三辑《MODERN TIMES》再次获得关注。2012年~2015年分别位列韩国福布斯名人榜第三、第八、第十和第十四位。2015年，发行迷你专辑《CHAT-SHIRE》', '2024-05-24 11:12:33', '2024-05-25 16:35:05', 0),
	(18, '金泰妍', 0, '/img/singerPic/taiyan.jpg', '1989-03-09', '韩国', '金泰妍(김태연/ Kim Tae-yeon/金泰耎)，艺名太妍(태연/TaeYeon)，1989年3月9日出生于韩国全罗北道全州市，韩国女歌手、主持人，女子演唱团体少女时代成员之一。2004年在第八届SM青少年选拔大赛歌王中夺得第一名，进入韩国SM娱乐有限公司开始练习生生涯。2007年8月以演唱团体少女时代成员身份正式出道。2008年为韩国KBS电视台电视剧《快刀洪吉童》演唱主题曲《如果》；同年12月凭借歌曲《听得见吗》获得第23届韩国金唱片大奖人气奖 。', '2024-05-24 11:12:33', '2024-05-25 16:35:06', 0),
	(19, '毛不易', 1, '/img/singerPic/maobuyi.jpg', '1994-10-01', '中国黑龙江', '原名王维家，1994年10月1日出生于黑龙江省齐齐哈尔市泰来县，中国内地流行乐男歌手，毕业于杭州师范大学护理专业。', '2024-05-24 11:12:33', '2024-05-25 16:35:07', 0),
	(20, '胡歌', 1, '/img/singerPic/huge.jpg', '1982-09-02', '中国上海', '中国著名男演员、歌手，有“古装王子”的美称。2005年毕业于上海戏剧学院01级表演系本科，在电视连续剧《仙剑奇侠传》中成功塑造了豪爽深情的“李逍遥”而成名，他还为此剧唱插曲《六月的雨》《逍遥叹》等。胡歌主演过多部广为人知的影视剧，多部电视剧打破电视台收视记录。其人擅长摄影，文采飞扬，志做导演，频唱影视剧歌曲。2013年，主演的话剧《如梦之梦》和《永远的尹雪艳》登上舞台。', '2024-05-24 11:12:33', '2024-05-25 16:35:09', 0),
	(21, '陈势安', 1, '/img/singerPic/chengshian.jpg', '1984-06-04', '马来西亚', '陈势安（1984年6月4日－）为马来西亚籍的西马男歌手，出生于槟城州威省大山脚，出道前是个化妆师。2011年发行个人第三张专辑《再爱一遍，天后陈势安》。', '2024-05-24 11:12:33', '2024-05-25 16:35:10', 0),
	(22, '王菲', 0, '/img/singerPic/wangfei.jpg', '1969-08-08', '中国北京', '中国著名女歌手、演员。是继邓丽君后大中华地区成就最高、影响力最大的华语女歌手。以其极具辨识度的天籁空灵般嗓音，在华语歌坛创造了属于她自己的时代。她是首位登上美国《时代周刊》封面并接受CNN专访的华语歌手。她是身价最高，演唱会上座率最高，演唱会票房累计最高的华语女歌手。王菲北京出生。1987年放弃厦门大学生物系的录取跟随父母移居香港，并拜师戴思聪学习声乐，1989年签约新艺宝唱片公司并发行了第一张个人专辑，从此正式步入乐坛，曾使用艺名王靖雯。', '2024-05-24 11:12:33', '2024-05-25 16:35:12', 0),
	(23, 'Álvaro Soler', 1, '/img/singerPic/soler.jpg', '1991-01-01', '西班牙', '全名是Álvaro Tauchert Soler，是一位新晋西班牙歌手，流行音乐作曲家。出生于1991年，西班牙巴塞罗纳。', '2024-05-24 11:12:33', '2024-05-25 16:35:13', 0),
	(24, 'Celine Dion', 0, '/img/singerPic/1586075898639Celine Dion.png', '1968-03-30', '加拿大', '1980年，12岁的席琳·迪翁步入歌坛，15岁时推出首支法文单曲，1990年，推出首张英文专辑《UNISON》。1996年为美国亚特兰大奥运会演唱了主题曲《The Power of The Dream》。1997年为电影《泰坦尼克号》献唱片尾曲《My Heart Will Go On》，并获得第70届奥斯卡最佳电影歌曲奖。', '2024-05-24 11:12:33', '2024-05-25 16:35:15', 0),
	(25, '五月天', 2, '/img/singerPic/1586076633782五月天.jpg', '1997-03-29', '中国台湾', '五月天（Mayday），中国台湾摇滚乐团，由温尚翊（怪兽）、陈信宏（阿信）、石锦航（石头）、蔡升晏（玛莎）、刘谚明（冠佑）五位成员组成。\n乐团前身为“So Band”乐团，在1997年3月29日更名为“五月天”。', '2024-05-24 11:12:33', '2024-05-25 16:35:16', 0),
	(26, 'Beyond', 2, '/img/singerPic/1586078551461Beyond.jpg', '1983-01-01', '中国香港', '中国香港摇滚乐队，由黄家驹、黄贯中、黄家强、叶世荣组成。', '2024-05-24 11:12:33', '2024-05-25 16:35:17', 0),
	(27, 'The Piano Guys', 2, '/img/singerPic/1586089570101the piano guys.jpg', '2012-07-01', '美国', 'The Piano Guys直译为“钢琴男孩儿”，台湾翻译成“酷音乐团”。apple music在中国区上架后，有译“钢琴达人”。作为Neo-classical目前的代表性乐团之一，初衷是创造出能够激励人们的音乐和视频，想将自己的音乐带给这个世界。The Piano Guys改编的古典音乐融合自然、过渡流畅，MV拍摄优美大气、富于想象力。', '2024-05-24 11:12:33', '2024-05-25 16:35:20', 0),
	(29, 'Shayne Ward', 1, '/img/singerPic/1586090400493Shayne Ward.jpg', '1984-10-16', '英国', '2005年，肖恩·沃德因获得英国歌唱选秀节目《The X Factor》年度总冠军而成名 [1]  。赛后，签约索尼旗下公司Syco Music，并发行单曲《That\'s my goal》，以超过31.3万张的销售成绩创下英国唱片单曲首日畅销纪录第三名和英国单日付费下载次数最多的单曲吉尼斯纪录。', '2024-05-24 11:12:33', '2024-05-25 16:35:23', 0),
	(30, 'Yiruma', 1, '/img/singerPic/1586090648269Yiruma.jpg', '1978-02-15', '韩国', '李闰珉出生于韩国首尔，在英国长大，曾就学于英国伦敦\'The Purcell School\' 特别音乐学校，后来毕业于 \'King\'s College London\' ，主修作曲。', '2024-05-24 11:12:33', '2024-05-25 16:35:25', 0),
	(31, 'Tone Damli Aaberge', 0, '/img/singerPic/1586091104616Tone Damli Aaberge.jpg', '1988-04-12', '挪威', 'Tone Damli Aaberge/Tone Damli，是位来自挪威的年轻女歌手。当她才17岁的时候，曾参加了2005年那届挪威偶像。可惜她在比赛中获得亚军，屈居于Jorun Stiansen之后。她是2009年欧洲电视网歌唱大赛里的总决赛选手，她演唱了一首"Butterflies"，可惜最后也只得到亚军，屈居于Alexander Rybak之后', '2024-05-24 11:12:33', '2024-05-25 16:35:28', 0),
	(32, 'Sanna Nielsen', 0, '/img/singerPic/1586091210109Sanna Nielsen.jpg', '1984-11-27', '瑞典', 'Sanna Nielsen（仙娜·尼利森）出生于1984年11月27日，瑞典音乐才女，早在她12岁时就发行了其个人的第一张专辑，并且取得了相当不错的成绩，之前她一直是发行瑞典语的专辑和单曲，《Stronger》是她08年的新专，也是她第一张英文专辑，整张专的旋律给人很美很大气的感觉。', '2024-05-24 11:12:33', '2024-05-25 16:35:32', 0),
	(33, 'Jessica', 0, '/img/singerPic/1586091653843郑秀妍.jpg', '1989-04-18', '韩国', '郑秀妍（Jessica Jung），1989年4月18日出生于美国加利福尼亚州旧金山市，歌手、演员、设计师。2000年，郑秀妍回国探亲时被韩国SM娱乐有限公司发掘，成为其旗下练习生。2007年8月，以演唱团体少女时代成员身份正式出道，是组合里训练时间最长的成员。2009年，首次在音乐剧《金发尤物》中担任主角“艾莉·伍兹”。2012年，首次以演员身份参演《暴力罗曼史》。', '2024-05-24 11:12:33', '2024-05-25 16:35:34', 0);

-- 导出  表 music.song 结构
CREATE TABLE IF NOT EXISTS `song` (
  `id` int unsigned NOT NULL AUTO_INCREMENT COMMENT '主键id',
  `singer_id` int unsigned NOT NULL COMMENT '歌手id',
  `name` varchar(45) NOT NULL COMMENT '歌曲名',
  `introduction` varchar(255) DEFAULT NULL COMMENT '简介',
  `pic` varchar(255) DEFAULT NULL COMMENT '图片路径',
  `lyric` text COMMENT '歌词',
  `url` varchar(255) NOT NULL COMMENT '歌曲路径',
  `create_time` datetime DEFAULT CURRENT_TIMESTAMP COMMENT '发行时间',
  `update_time` datetime DEFAULT CURRENT_TIMESTAMP ON UPDATE CURRENT_TIMESTAMP COMMENT '更新时间',
  `is_deleted` tinyint(1) NOT NULL DEFAULT '0' COMMENT '逻辑删除标志',
  PRIMARY KEY (`id`)
) ENGINE=InnoDB AUTO_INCREMENT=114 DEFAULT CHARSET=utf8mb3 COMMENT='歌曲信息';

-- 正在导出表  music.song 的数据：~42 rows (大约)
DELETE FROM `song`;
INSERT INTO `song` (`id`, `singer_id`, `name`, `introduction`, `pic`, `lyric`, `url`, `create_time`, `update_time`, `is_deleted`) VALUES
	(1, 1, '张杰-仰望星空', '明天过后', '/img/songPic/haikuotiankong.jpg', '[ti:仰望星空]\n[ar:张杰]\n[00:00.266]\n[00:00.570]作曲：曾明维（Taiwan）\n[00:00.670]作词 : 邹振东\n[00:00.770]这一天我开始仰望星空发现\n[00:07.238]星并不远梦并不远只要你踮起脚尖\n[00:17.11]我相信有一双手把我轻轻牵到你的跟前\n[00:29.233]我相信有一根线将梦想与现实相连\n[00:45.389]我相信有一种缘会把所有的偶然都实现\n[00:57.346]我相信就是这一天命运开始改变\n[01:08.85]这一天我开始仰望星空发现\n[01:14.559]星并不远梦并不远只要你踮起脚尖\n[01:22.154]我从此不再彷徨也不再腼腆\n[01:28.621]张开双臂和你一起飞的更高看的更远\n[01:41.286]Music\n[01:52.845]我相信有一种缘会把所有的偶然都实现\n[02:04.543]我相信就是这一天命运开始改变\n[02:15.135]这一天我开始仰望星空发现\n[02:21.668]星并不远梦并不远只要你踮起脚尖\n[02:29.235]我从此不再彷徨也不再腼腆\n[02:35.717]张开双臂和你一起飞的更高看的更远\n[02:48.45]开始仰望星空感觉爱的时间空间\n[02:55.353]寻找生命中最灿烂的亮点\n[03:01.278]这一天我开始仰望星空发现\n[03:07.439]星并不远梦并不远只要你踮起脚尖\n[03:14.888]我从此不再彷徨也不再腼腆\n[03:21.630]张开双臂和你一起飞的更高看的更远\n[03:29.404]这一天我开始仰望星空发现\n[03:35.634]星并不远梦并不远只要你踮起脚尖\n[03:43.477]我从此不再彷徨也不再腼腆\n[03:49.834]张开双臂和你一起飞的更高看的更远\n[04:02.854]', '/song/张杰-仰望星空.mp3', '2024-05-24 11:12:55', '2024-05-24 11:12:55', 0),
	(4, 2, '周杰伦-告白气球', '床边故事', '/img/songPic/gaobaiqiqui.jpg', '[00:00.00] 作曲 : 周杰伦\n[00:01.00] 作词 : 方文山\n[00:32.840] 塞纳河畔 左岸的咖啡\n[00:35.438] 我手一杯 品尝你的美\n[00:38.655] 留下唇印的嘴\n[00:43.273] 花店玫瑰 名字写错谁\n[00:46.159] 告白气球 风吹到对街\n[00:49.225] 微笑在天上飞\n[00:53.503] 你说你有点难追 想让我知难而退\n[00:58.374] 礼物不需挑最贵 只要香榭的落叶\n[01:04.141] 喔 营造浪漫的约会 不害怕搞砸一切\n[01:09.205] 拥有你就拥有 全世界\n[01:14.289] 亲爱的 爱上你 从那天起\n[01:20.520] 甜蜜的很轻易\n[01:25.040] 亲爱的 别任性 你的眼睛\n[01:31.189] 在说我愿意\n[01:57.772] 塞纳河畔 左岸的咖啡\n[02:00.373] 我手一杯 品尝你的美\n[02:03.323] 留下唇印的嘴\n[02:08.304] 花店玫瑰 名字写错谁\n[02:10.954] 告白气球 风吹到对街\n[02:14.125] 微笑在天上飞\n[02:18.302] 你说你有点难追 想让我知难而退\n[02:23.187] 礼物不需挑最贵 只要香榭的落叶\n[02:28.500] 喔 营造浪漫的约会 不害怕搞砸一切\n[02:33.745] 拥有你就拥有 全世界\n[02:39.115] 亲爱的 爱上你 从那天起\n[02:45.012] 甜蜜的很轻易\n[02:49.827] 亲爱的 别任性 你的眼睛\n[02:55.829] 在说我愿意\n[03:00.627] 亲爱的 爱上你 恋爱日记\n[03:06.656] 飘香水的回忆\n[03:11.150] 一整瓶 的梦境 全都有你\n[03:17.249] 搅拌在一起\n[03:21.813] 亲爱的别任性 你的眼睛\n[03:31.562] 在说我愿意', '/song/周杰伦-告白气球.mp3', '2024-05-24 11:12:55', '2024-05-25 16:37:54', 0),
	(5, 3, '林允儿-小幸运', 'Blossom', '/img/songPic/Blossom.jpg', '[00:00.00] 作曲 : JerryC\n[00:01.00] 作词 : 徐世珍/吴辉福\n[00:12.97]编曲 : 추대관\n[00:13.18]我听见雨滴落在青青草地\n[00:19.45]我听见远方下课钟声响起\n[00:25.38]可是我没有听见你的声音\n[00:30.36]认真 呼唤 我姓名\n[00:35.69]\n[00:37.68]爱上你的时候还不懂感情\n[00:43.87]离别了才觉得刻骨铭心\n[00:50.00]为什么没有发现遇见了你\n[00:54.60]是生命最好的事情\n[00:59.72]\n[01:00.39]也许当时忙着 微笑和哭泣\n[01:06.50]忙着追逐天空中的流星\n[01:12.30]人理所当然的忘记\n[01:16.87]是谁风里雨里一直 默默守护在原地\n[01:24.26]\n[01:24.68]原来你是我 最想留住的幸运\n[01:30.07]原来我们和爱情 曾经靠得那么近\n[01:36.10]那为我对抗世界的决定\n[01:40.79]那陪我淋的雨\n[01:43.86]一幕幕都是你 一尘不染的真心\n[01:51.20]与你相遇 好幸运\n[01:54.58]可我已失去为你 泪流满面的权利\n[02:00.75]但愿在我看不到的天际\n[02:05.38]你张开了双翼\n[02:08.53]遇见你的注定\n[02:13.27]她会有多幸运\n[02:17.64]\n[02:26.73]原来你是我 最想留住的幸运\n[02:31.54]原来我们和爱情 曾经靠得那么近\n[02:37.69]但愿在我看不到的天际\n[02:42.32]你张开了双翼\n[02:45.48]遇见你的注定\n[02:53.18]她会有多幸运\n[02:58.15]', '/song/林允儿-小幸运.mp3', '2024-05-24 11:12:55', '2024-05-25 16:37:56', 0),
	(6, 4, '陈奕迅-红玫瑰', 'The 1st Eleven Years 然后呢?', '/img/songPic/hongmeigui.jpg', '[ar:陈奕迅]\n[00:00.00] 作曲 : 梁翘柏\n[00:01.00] 作词 : 李焯雄\n[00:16.32]梦里梦到醒不来的梦\n[00:18.92]红线里被软禁的红\n[00:23.62]所有刺激剩下疲乏的痛\n[00:26.82]再无动于衷\n[00:30.12]从背后抱你的时候\n[00:34.02]期待的却是她的面容\n[00:37.75]说来实在嘲讽我不太懂\n[00:41.35]偏渴望你懂\n[00:44.75]是否幸福轻得太沉重\n[00:48.50]过度使用不痒不痛\n[00:52.31]烂熟透红空洞了的瞳孔\n[00:56.56]终于掏空终于有始无终\n[00:59.81]得不到的永远在骚动\n[01:03.41]被偏爱的都有恃无恐\n[01:07.11]玫瑰的红容易受伤的梦\n[01:11.46]握在手中却流失于指缝\n[01:14.96]又落空\n[01:31.02]红是朱砂痣烙印心口\n[01:33.82]红是蚊子血般平庸\n[01:38.73]时间美化那仅有的悸动\n[01:41.82]也磨平激动\n[01:45.12]从背后抱你的时候\n[01:48.98]期待的却是她的面容\n[01:52.82]说来实在嘲讽\n[01:55.15]我不太懂偏渴望你懂\n[01:59.85]是否幸福轻得太沉重\n[02:03.60]过度使用不痒不痛\n[02:07.10]烂熟透红空洞了的瞳孔\n[02:11.45]终于掏空终于有始无终\n[02:14.70]得不到的永远在骚动\n[02:18.50]被偏爱的都有恃无恐\n[02:22.35]玫瑰的红容易受伤的梦\n[02:26.35]握在手中却流失于指缝\n[02:29.75]又落空\n[02:44.99]是否说爱都太过沉重\n[02:48.54]过度使用不痒不痛\n[02:52.24]烧得火红蛇行缠绕心中\n[02:56.34]终于冷冻终于有始无终\n[02:59.74]得不到的永远在骚动\n[03:03.49]被偏爱的都有恃无恐\n[03:07.24]玫瑰的红容易受伤的梦\n[03:11.39]握在手中却流失于指缝\n[03:14.84]得不到的永远在骚动\n[03:18.49]被偏爱的都有恃无恐\n[03:22.34]玫瑰的红伤口绽放的梦\n[03:26.44]握在手中却流失于指缝\n[03:29.79]再落空', '/song/陈奕迅-红玫瑰.mp3', '2024-05-24 11:12:55', '2024-05-25 16:37:57', 0),
	(7, 5, 'G.E.M.邓紫棋-泡沫', 'Xposed', '/img/songPic/paomo.jpg', '[00:00.00] 作曲 : G.E.M.\n[00:00.169] 作词 : G.E.M.\n[00:00.509]阳光下的泡沫 是彩色的 就像被骗的我 是幸福的\n[00:14.940]追究什么对错 你的谎言 基于你还爱我\n[00:27.819]美丽的泡沫 虽然一刹花火 你所有承诺 虽然都太脆弱\n[00:41.780]但爱像泡沫 如果能够看破 有什么难过\n[00:53.750]\n[00:57.230]早该知道泡沫 一触就破 就像已伤的心 不胜折磨\n[01:11.040]也不是谁的错 谎言再多 基于你还爱我\n[01:24.200]美丽的泡沫 虽然一刹花火 你所有承诺 虽然都太脆弱\n[01:38.800]爱本是泡沫 如果能够看破 有什么难过\n[01:50.560]\n[01:52.629]再美的花朵 盛开过就凋落 再亮眼的星 一闪过就坠落\n[02:06.650]爱本是泡沫 如果能够看破 有什么难过\n[02:20.889]为什么难过 有什么难过 为什么难过\n[02:41.650]\n[02:45.799]全都是泡沫 只一刹的花火 你所有承诺 全部都太脆弱\n[02:59.560]而你的轮廓 怪我没有看破 才如此难过\n[03:13.769]相爱的把握 要如何再搜索 相拥着寂寞 难道就不寂寞\n[03:28.820]爱本是泡沫 怪我没有看破 才如此难过\n[03:39.980]\n[03:43.829]在雨下的泡沫 一触就破 当初炽热的心 早已沉没\n[03:57.940]说什么你爱我 如果骗我 我宁愿你沉默\n[04:10.000]\n[04:10.209]\n[59:59.700]', '/song/G.E.M.邓紫棋-泡沫.mp3', '2024-05-24 11:12:55', '2024-05-25 16:37:59', 0),
	(34, 7, '艺声-春天的阵雨 (Paper Umbrella)', '봄날의 소나기', '/img/songPic/Umbrella.jpg', '[00:00.00] 作曲 : 1601\n[00:00.789] 作词 : 徐智恩\n[00:02.367]编曲：1601\n[00:16.785]네가 떠난 그 순간\n[00:20.411]온 세상이 내게서 등을 돌리더라\n[00:27.508]미친 사람같이 보고 싶어 헤매이는데\n[00:35.684]너는 지금 어디니\n[00:42.177]서투르게 사랑한 것처럼\n[00:49.283]헤어짐까지 또 서툴러서 미안해\n[00:56.639]아무것도 모르고 널 보낸 나라서\n[01:03.491]온다 떨어진다\n[01:06.158]내 찢어진 하늘 사이로\n[01:10.546]한 방울 두 방울 봄날의 소나기\n[01:17.698]너를 그려보다 불러보다\n[01:21.775]기억이 비처럼 내린 새벽\n[01:26.358]밤새 난 그 빗속에\n[01:29.686]종이로 된 우산을 쓰고 있네\n[01:39.305]괜찮다곤 했지만\n[01:42.883]버텨낼 수 있을까\n[01:45.452]나도 모르겠어\n[01:49.940]네가 없는 이 거리\n[01:53.816]그럼에도 꽃은 피는데\n[01:58.000]하염없는 기다림\n[02:04.642]미련하게 사랑한 것처럼\n[02:11.744]헤어짐까지\n[02:14.410]또 미련해서 미안해\n[02:18.999]못해준 게\n[02:20.661]이렇게 발목을 잡는 걸\n[02:25.948]온다 떨어진다\n[02:28.465]내 찢어진 하늘 사이로\n[02:32.989]한 방울 두 방울\n[02:36.560]봄날의 소나기\n[02:40.188]너를 그려보다 불러보다\n[02:44.166]기억이 비처럼 내린 새벽\n[02:48.602]밤새 난 그 빗속에\n[02:52.178]널 보내던 그날과 같은 하루\n[02:57.372]온몸이 굳어버린 난\n[03:00.946]그때처럼\n[03:02.309]단 한 발도 움직일 수 없는데\n[03:12.430]간다 사라진다\n[03:15.105]내 흐려진 시선 너머로\n[03:19.540]한 방울 두 방울 그리고 여전히\n[03:26.702]슬피 떨어지던 꽃잎 위에\n[03:30.834]기억이 비처럼 내린 새벽\n[03:35.217]밤새 난 그 빗속에 종이로\n[03:39.452]된 우산을 쓰고 있네', '/song/艺声-春天的阵雨 (Paper Umbrella).mp3', '2024-05-24 11:12:55', '2024-05-24 11:12:55', 0),
	(40, 8, '王力宏-需要人陪', '十八般武艺', '/img/songPic/1650171596575FOhRf48VEAIKXZv.jpeg', '[00:00.000] 作曲 : 王力宏\n[00:01.000] 作词 : 王力宏\n[00:12.330]打开窗户让孤单透气\n[00:17.130]这一间屋子 如此密闭\n[00:23.970]欢呼声仍飘在空气里\n[00:28.950]像空无一人一样华丽\n[00:33.780]\n[00:35.190]我 渐渐失去知觉\n[00:40.860]就当做是种自我逃避\n[00:47.170]你 飞到天的边缘\n[00:52.540]我也不猜落在何地\n[00:57.230]\n[00:58.020]一个我 需要梦想 需要方向 需要眼泪\n[01:03.850]更需要 一个人来 点亮天的黑\n[01:09.830]我已经 无能为力 无法抗拒 无路可退\n[01:16.000]这无声的夜 现在的我 需要人陪\n[01:25.300]\n[01:34.990]闭上眼睛 就看不清\n[01:39.909]这双人床 欠缺的 温馨\n[01:46.960]谁能 陪我 直到天明\n[01:52.080]穿透这片 迷蒙寂静\n[01:56.830]\n[01:57.909]我 渐渐失去知觉\n[02:03.640]就当做是种自我逃避\n[02:09.909]你 飞到天的边缘\n[02:15.740]我已不猜落在何地\n[02:20.200]\n[02:20.840]一个我 需要梦想 需要方向 需要眼泪\n[02:26.800]更需要 一个人来 点亮天的黑\n[02:32.600]我已经 无能为力 无法抗拒 无路可退\n[02:38.970]这无声的夜 现在的我 需要人陪\n[02:47.890]\n[03:08.230]一个我 需要梦想 需要方向 需要眼泪\n[03:14.000]更需要 一个人来 点亮天的黑\n[03:20.010]我已经 无能为力 无法抗拒 无路可退\n[03:26.360]这无声的夜 现在的我 需要人陪\n[03:36.240]', '/song/周杰伦 - 说好不哭.mp3', '2024-05-24 11:12:55', '2024-05-25 16:40:56', 0),
	(42, 23, 'Álvaro Soler-Sofía', 'Sofía', '/img/songPic/1382086122014772.jpg', '[00:00:00]暂无歌词', '/song/Álvaro Soler-Sofía.mp3', '2024-05-24 11:12:55', '2024-05-25 16:41:39', 0),
	(47, 10, '王力宏-大城小爱', '盖世英雄', '/img/songPic/dachengxiaoai.jpg', '[00:00.60]王力宏 - 大城小爱\n[00:01.60]词：王力宏/陈镇川/K. Tee\n[00:02.60]曲：王力宏\n[00:14.46]乌黑的发尾 盘成一个圈\n[00:17.71]缠绕所有对你的眷恋\n[00:21.56]隔着半透明门帘\n[00:23.16]嘴里说的语言\n[00:25.71]完全没有欺骗\n[00:28.44]屋顶灰色瓦片 安静的画面\n[00:32.29]灯火是你美丽那张脸\n[00:36.00]终于找到所有流浪的终点\n[00:40.10]你的微笑结束了疲倦\n[00:45.26]千万不要说天长地久\n[00:48.91]免的你觉得我不切实际\n[00:52.65]想多么简单就多么简单\n[00:56.45]是妈妈告诉我的哲理\n[00:59.41]脑袋都是你 心里都是你\n[01:03.11]小小的爱在大城里好甜蜜\n[01:06.67]念的都是你 全部都是你\n[01:10.38]小小的爱在大城里\n[01:12.18]只为你倾心\n[01:16.46]乌黑的发尾 盘成一个圈\n[01:19.72]缠绕所有对你的眷恋\n[01:23.58]终于找到所有流浪的终点\n[01:27.54]你的微笑结束了疲倦\n[01:30.97]千万不要说天长地久\n[01:34.51]免的你觉得我不切实际\n[01:38.13]想多么简单就多么简单\n[01:42.09]让我大声的对你说\n[01:44.57]I\'m thinking of you\n[01:48.69]脑袋都是你 心里都是你\n[01:52.39]小小的爱在大城里好甜蜜\n[01:56.00]念的都是你 全部都是你\n[01:59.65]小小的爱在大城里\n[02:01.50]只为你倾心\n[02:04.25]那回城的票根 你留做纪念\n[02:07.75]不必害怕面对离别\n[02:11.53]剪掉一丝头发\n[02:13.18]让我放在胸前\n[02:15.08]走到那里都有你陪\n[02:18.34]相随 yah\n[02:21.54]脑袋都是你 心里都是你\n[02:25.25]小小的爱在大城里好甜蜜\n[02:28.80]念的都是你 全部都是你\n[02:32.51]小小的爱在大城里\n[02:34.36]只为你倾心\n[02:36.11]脑袋都是你 心里都是你\n[02:39.82]小小的爱在大城里好甜蜜\n[02:43.42]念的都是你 全部都是你\n[02:47.08]小小的爱在大城里\n[02:48.98]只为你倾心\n[02:51.01]啦啦啦啦啦 啦啦啦啦啦\n[02:54.39]啦啦啦啦啦啦啦啦啦啦啦\n[02:58.03]啦啦啦啦啦 啦啦啦啦啦\n[03:01.79]啦啦啦啦啦啦啦啦啦啦\n[03:04.00]啦啦啦\n[03:05.53]啦啦啦啦啦 啦啦啦啦啦\n[03:09.03]啦啦啦啦啦啦啦啦啦啦啦\n[03:12.74]啦啦啦啦啦 啦啦啦啦啦\n[03:16.34]啦啦啦啦啦啦啦啦啦啦啦啦\n[03:22.31]乌黑的发尾盘成一个圈\n[03:25.72]缠绕所有对你的眷恋\n[03:29.35]那一种寸步不离的感觉\n[03:33.46]我知道就叫做永远', '/song/王力宏-大城小爱.mp3', '2024-05-24 11:12:55', '2024-05-24 11:12:55', 0),
	(52, 15, '李克勤-K歌之王', '经典金曲', '/img/songPic/796046418510127.jpg', '[00:00:00]暂无歌词', '/song/李克勤-K歌之王.mp3', '2024-05-24 11:12:55', '2024-05-25 16:42:04', 0),
	(53, 9, '李荣浩-李白', '模特', '/img/songPic/109951163187393370.jpg', '[00:00.10]李荣浩 - 李白\n[00:00.66]词：李荣浩\n[00:00.83]曲：李荣浩\n[00:01.01]编曲：李荣浩\n[00:18.09]大部分人让我学习去看\n[00:20.95]世俗的眼光\n[00:26.22]我认真学习了世俗眼光\n[00:29.26]世俗到天亮\n[00:34.28]一部外国电影没听懂一句话\n[00:38.27]看完结局才是笑话\n[00:42.48]你看我多乖多聪明多么听话\n[00:45.98]多奸诈\n[00:51.31]喝了几大碗米酒再离开是为了模仿\n[00:59.66]一出门不小心吐的那幅是谁的书画\n[01:07.54]你一天一口一个 亲爱的对方\n[01:11.57]多么不流行的模样\n[01:15.78]都应该练练书法再出门闯荡\n[01:19.43]才会有人热情买账\n[01:23.36]要是能重来 我要选李白\n[01:27.40]几百年前做的好坏\n[01:30.09]没那么多人猜\n[01:31.90]要是能重来 我要选李白\n[01:35.64]至少我还能写写诗来澎湃\n[01:38.62]逗逗女孩\n[01:40.28]要是能重来 我要选李白\n[01:44.03]创作也能到那么高端\n[01:46.82]被那么多人崇拜\n[01:51.47]要是能重来\n[01:53.99]喝了几大碗米酒再离开是为了模仿\n[02:02.24]一出门不小心吐的那幅是谁的书画\n[02:10.00]你一天一口一个 亲爱的对方\n[02:14.21]多么不流行的模样\n[02:18.43]都应该练练书法再出门闯荡\n[02:22.00]才会有人热情买账\n[02:25.97]要是能重来 我要选李白\n[02:29.94]几百年前做的好坏\n[02:32.64]没那么多人猜\n[02:34.25]要是能重来 我要选李白\n[02:38.24]至少我还能写写诗来澎湃\n[02:41.23]逗逗女孩\n[02:42.85]要是能重来 我要选李白\n[02:46.54]创作也能到那么高端\n[02:49.38]被那么多人崇拜\n[02:54.07]要是能重来\n[03:28.64]要是能重来 我要选李白\n[03:32.52]几百年前做的好坏 没那么多人猜\n[03:36.82]要是能重来 我要选李白\n[03:40.79]至少我还能写写诗来澎湃\n[03:43.76]逗逗女孩\n[03:45.25]要是能重来 我要选李白\n[03:49.11]创作也能到那么高端\n[03:51.89]被那么多人崇拜\n[03:56.72]要是能重来', '/song/李荣浩-李白.mp3', '2024-05-24 11:12:55', '2024-05-25 16:42:08', 0),
	(55, 13, '杨宗纬-多余', '昨天今天明天', '/img/songPic/109951163167487498.jpg', '[00:00.00] 暂无歌词', '/song/杨宗纬-多余.mp3', '2024-05-24 11:12:55', '2024-05-25 16:42:11', 0),
	(56, 19, '毛不易-那时的我们', '那时的我们', '/img/songPic/109951163681898984.jpg', '[00:00.29]毛不易 - 那时的我们\n[00:01.91]作词：毛不易\n[00:02.87]作曲：毛不易\n[00:03.88]制作人：谭伊哲\n[00:04.95]编曲：黄竣琮、TYZ\n[00:06.51]混音：刘天鸿\n[00:07.47]吉他：黄竣琮\n[00:08.48]鼓：陈志昆\n[00:09.24]贝斯：王瀚一\n[00:10.25]和声：梁古驰\n[00:17.05]透过这时光向后望\n[00:20.49]来时的脚印是什么形状\n[00:24.19]歪歪扭扭却三三两两\n[00:27.68]是你啊一直在我身旁\n[00:31.68]久违的旋律轻轻淌\n[00:35.37]顺着回忆的方向\n[00:39.17]流光溢彩的小世界\n[00:42.50]是不是也别来无恙\n[00:47.44]敲下回忆的空白键\n[00:50.37]一起回到相遇那天\n[00:53.68]好像青春的誓言\n[00:56.10]从来都不曾飘远\n[01:01.67]那时我们有一双翅膀\n[01:05.42]飞过高山海洋\n[01:08.81]那时我们指尖有星光\n[01:12.81]照亮彼此的前方\n[01:16.21]就像年轻的水手要去远航\n[01:20.36]在风雨里成长\n[01:23.75]那些有你陪伴的时光\n[01:28.46]依然藏在手掌\n[01:47.31]敲下回忆的空白键\n[01:50.40]一起回到相遇那天\n[01:53.80]一串节奏\n[01:55.11]将我们的心跳紧紧相连\n[02:01.64]那时我们有一双翅膀\n[02:05.49]飞过高山海洋\n[02:08.78]那时我们指尖有星光\n[02:12.97]照亮彼此的前方\n[02:16.26]就像年轻的水手要去远航\n[02:20.31]在风雨里成长\n[02:23.79]那些有你陪伴的时光\n[02:28.54]依然藏在手掌\n[02:31.64]今天我们有一双翅膀\n[02:35.44]飞过高山海洋\n[02:38.84]今天我们指尖有星光\n[02:43.04]照亮彼此的前方\n[02:46.28]放下故作成熟的模样\n[02:50.28]穿上最爱的衣裳\n[02:53.72]回到青春的舞台亮起灯光\n[02:57.87]重新闪亮登场\n[03:01.57]那个青春的舞台亮着灯光\n[03:05.63]你和我闪亮登场', '/song/毛不易-那时的我们.mp3', '2024-05-24 11:12:55', '2024-05-25 16:40:24', 0),
	(58, 16, '张碧晨-一吻之间', '一吻之间', '/img/songPic/3244658814415290.jpg', '[00:00.00] 暂无歌词', '/song/张碧晨-一吻之间.mp3', '2024-05-24 11:12:55', '2024-05-25 16:40:17', 0),
	(60, 11, '许嵩-我乐意', '我乐意', '/img/songPic/109951163261278540.jpg', '[00:00.42]许嵩 - 我乐意\n[00:01.28]作词：许嵩\n[00:01.93]作曲：许嵩\n[00:02.60]编曲：蔡廷贵、许嵩\n[00:03.81]制作人：许嵩\n[00:04.67]和声编写：许嵩\n[00:05.63]和声：许嵩\n[00:06.30]录音师：许嵩\n[00:07.15]混音师：许嵩\n[00:07.97]母带处理工程：许嵩\n[00:13.94]潇洒如我\n[00:14.75]最近却变得有点敏感\n[00:18.24]半小时收不到你讯息\n[00:20.72]就会坐立不安\n[00:22.80]都说别爱的太满\n[00:25.03]这道理知易行难\n[00:27.31]我还挺乐意享受\n[00:29.19]这份甜中微酸\n[00:31.72]你的笑像西瓜最中间\n[00:34.21]那一勺的口感\n[00:36.18]点亮了一整个夏天\n[00:38.37]星空也为你斑斓\n[00:40.70]我不会深情款款\n[00:42.98]上演什么套路桥段\n[00:45.12]我的爱纯粹简单\n[00:50.93]我乐意站在你身后\n[00:53.11]把你揽在胸口\n[00:55.18]低头看你素净的脸颊粉红\n[00:59.91]我乐意把着你的手\n[01:02.09]心猿意马弹奏\n[01:04.22]每颗音符里都有幸福闪动\n[01:08.73]我乐意守在你左右\n[01:11.02]为你挡雨遮风\n[01:13.20]今后的路我陪你一起走过\n[01:17.57]我乐意把自己奉送\n[01:20.00]做你独家宇宙\n[01:22.23]抱着你旁若无人尽情舞动\n[01:32.41]你的笑像西瓜最中间\n[01:34.74]那一勺的口感\n[01:36.82]点亮了一整个夏天\n[01:38.94]星空也为你斑斓\n[01:41.22]我不会深情款款\n[01:43.14]上演什么套路桥段\n[01:45.67]我的爱纯粹简单\n[01:51.31]我乐意站在你身后\n[01:53.69]把你揽在胸口\n[01:55.77]低头看你素净的脸颊粉红\n[02:00.43]我乐意把着你的手\n[02:02.67]心猿意马弹奏\n[02:04.75]每颗音符里都有幸福闪动\n[02:09.22]我乐意守在你左右\n[02:11.56]为你挡雨遮风\n[02:13.74]今后的路我陪你一起走过\n[02:18.11]我乐意把自己奉送\n[02:20.60]做你独家宇宙\n[02:22.78]抱着你旁若无人尽情舞动\n[02:30.81]我非常乐意\n[02:32.49]为你做任何任何的事情\n[02:36.39]你说只要求我\n[02:37.50]每天过得开心\n[02:39.78]我非常乐意\n[02:41.40]陪你到任何任何地方去\n[02:45.51]你说今年秋天想去趟南极\n[02:48.70]我非常乐意看着你的眼睛\n[02:52.96]落俗而真诚的\n[02:55.04]说出那一句我爱你\n[03:05.53]我乐意站在你身后\n[03:07.66]把你揽在胸口\n[03:09.85]低头看你素净的脸颊粉红\n[03:14.30]我乐意把着你的手\n[03:16.68]心猿意马弹奏\n[03:18.81]每颗音符里都有幸福闪动\n[03:23.18]我乐意守在你左右\n[03:25.61]为你挡雨遮风\n[03:27.74]今后的路我陪你一起走过\n[03:32.20]我乐意把自己奉送\n[03:34.63]做你独家宇宙\n[03:36.82]抱着你旁若无人尽情舞动\n[03:41.24]我乐意守在你左右\n[03:43.62]为你挡雨遮风\n[03:45.75]今后的路我陪你一起走过\n[03:50.13]我乐意把自己奉送\n[03:52.57]做你独家宇宙\n[03:54.90]抱着你旁若无人尽情舞动', '/song/许嵩-我乐意.mp3', '2024-05-24 11:12:55', '2024-05-25 16:40:09', 0),
	(62, 17, 'IU-Someday', 'CHAT-드림하이 OST - (Dream High)', '/img/songPic/778454232471313.jpg', '[00:00.02]Someday (《Dream High》韩剧插曲) - 아이유 (IU)\n[00:01.07]词：박진영\n[00:01.18]曲：박진영\n[00:01.29]编曲：홍지상/박진영/심은지\n[00:03.88]언젠간 이 눈물이 멈추길\n[00:08.73]언젠간 이 어둠이 걷히고\n[00:14.08]따스한 햇살이\n[00:16.45]이 눈물을 말려주길\n[00:22.25]지친 내 모습이\n[00:26.77]조금씩 지겨워지는 걸 느끼면\n[00:33.53]다 버리고 싶죠\n[00:36.02]힘들게 지켜오던 꿈을\n[00:41.37]가진 것보다는 부족한 것이\n[00:47.81]너무나도 많은 게\n[00:52.68]느껴질 때마다 다리에\n[00:56.19]힘이 풀려서 나 주저앉죠\n[01:01.54]언젠간 이 눈물이 멈추길\n[01:06.36]언젠간 이 어둠이 걷히고\n[01:11.63]따스한 햇살이\n[01:14.12]이 눈물을 말려주길\n[01:19.86]괜찮을 거라고 내 스스로를\n[01:26.57]위로하며 버티는\n[01:31.16]하루하루가 날 조금씩\n[01:34.40]두렵게 만들고\n[01:38.99]나를 믿으라고 말하면서도\n[01:45.57]믿지 못하는 나는\n[01:50.13]이제 얼마나 더\n[01:53.11]오래 버틸 수 있을 지\n[01:55.32]모르겠어요\n[01:59.06]기다리면 언젠간 오겠지\n[02:04.31]밤이 길어도 해는 뜨듯이\n[02:08.92]아픈 내 가슴도\n[02:11.69]언젠간 다 낫겠지\n[02:17.41]날 이젠 도와주길\n[02:21.89]하늘이 제발 도와주길\n[02:26.67]나 혼자서만 이겨내기가\n[02:31.51]점점 더 자신이 없어져요\n[02:39.96]언젠간 이 눈물이 멈추길\n[02:44.76]언젠간 이 어둠이 걷히고\n[02:50.01]따스한 햇살이\n[02:52.54]이 눈물을 말려주길\n[02:55.45]이 눈물을 말려주길\n[02:59.35]기다리면 언젠가 오겠지\n[03:04.18]밤이 길어도 해는 뜨듯이\n[03:08.64]이 아픈 내 가슴도\n[03:11.63]언젠간 다 낫겠지\n[03:19.09]언젠간\n[03:21.30]언젠간', '/song/IU-Someday.mp3', '2024-05-24 11:12:55', '2024-05-25 16:39:47', 0),
	(63, 18, '金泰妍-제주도의 푸른 밤', '밴드 고맙삼다', '/img/songPic/1413971959305351.jpg', '[00:00.00] 暂无歌词', '/song/金泰妍-제주도의 푸른 밤.mp3', '2024-05-24 11:12:55', '2024-05-25 16:42:26', 0),
	(67, 12, '张国荣-倩女幽魂', '倩女幽魂', '/img/songPic/78065325577772.jpg', '[00:04.11]张国荣 - 倩女幽魂\n[00:07.66]词：黄沾\n[00:07.66]曲：黄沾\n[00:07.66]人生路 美梦似路长\n[00:15.80]路里风霜 风霜扑面干\n[00:24.04]红尘里 美梦有几多方向\n[00:31.82]找痴痴梦幻中心爱\n[00:37.23]路随人茫茫\n[00:42.46]人生是 美梦与热望\n[00:50.44]梦里依稀 依稀有泪光\n[00:58.55]何从何去 去觅我心中方向\n[01:05.95]风仿佛在梦中轻叹\n[01:12.10]路和人茫茫\n[02:40.56]人间路 快乐少年郎\n[02:48.09]路里崎岖 崎岖不见阳光\n[02:56.95]泥尘里 快乐有几多方向\n[03:04.50]一丝丝梦幻般风雨\n[03:09.95]路随人茫茫\n[03:14.64]丝丝梦幻般风雨\n[03:20.07]路随人茫茫', '/song/张国荣-倩女幽魂.m4a', '2024-05-24 11:12:55', '2024-05-25 16:42:34', 0),
	(69, 10, '田馥甄-小幸运', '小幸运', '/img/songPic/109951163520335473.jpg', '[00:00.50]田馥甄 - 小幸运\n[00:00.50]词：徐世珍/吴辉福\n[00:00.50]曲：JerryC\n[00:00.50]编曲：JerryC\n[00:02.36]我听见雨滴落在青青草地\n[00:08.38]我听见远方下课钟声响起\n[00:14.44]可是我没有听见你的声音\n[00:19.30]认真 呼唤我姓名\n[00:26.60]爱上你的时候还不懂感情\n[00:32.64]离别了才觉得刻骨 铭心\n[00:38.73]为什么没有发现遇见了你\n[00:43.28]是生命最好的事情\n[00:49.00]也许当时忙着微笑和哭泣\n[00:55.03]忙着追逐天空中的流星\n[01:00.73]人理所当然的忘记\n[01:05.27]是谁风里雨里\n[01:07.92]一直默默守护在原地\n[01:12.90]原来你是我最想留住的幸运\n[01:18.30]原来我们和爱情\n[01:20.90]曾经靠得那么近\n[01:24.37]那为我对抗世界的决定\n[01:28.85]那陪我淋的雨\n[01:31.85]一幕幕都是你\n[01:34.97]一尘不染的真心\n[01:39.11]与你相遇 好幸运\n[01:42.55]可我已失去为你\n[01:45.25]泪流满面的权利\n[01:48.63]但愿在我看不到的天际\n[01:53.16]你张开了双翼\n[01:56.19]遇见你的注定\n[02:00.98]她会有多幸运\n[02:15.94]青春是段跌跌撞撞的旅行\n[02:22.02]拥有着后知后觉的美丽\n[02:28.07]来不及感谢是你给我勇气\n[02:32.64]让我能做回我自己\n[02:38.32]也许当时忙着微笑和哭泣\n[02:44.44]忙着追逐天空中的流星\n[02:50.09]人理所当然的忘记\n[02:54.63]是谁风里雨里\n[02:57.36]一直默默守护在原地\n[03:02.25]原来你是我最想留住的幸运\n[03:07.62]原来我们和爱情\n[03:10.27]曾经靠得那么近\n[03:13.70]那为我对抗世界的决定\n[03:18.26]那陪我淋的雨\n[03:21.26]一幕幕都是你\n[03:24.26]一尘不染的真心\n[03:28.45]与你相遇 好幸运\n[03:31.93]可我已失去为你\n[03:34.57]泪流满面的权利\n[03:38.03]但愿在我看不到的天际\n[03:42.46]你张开了双翼\n[03:45.56]遇见你的注定\n[03:48.96]Oh\n[03:53.15]她会有多幸运', '/song/田馥甄-小幸运.mp3', '2024-05-24 11:12:55', '2024-05-25 16:42:42', 0),
	(72, 25, '五月天-如果我们不曾相遇', '如果我们不曾相遇', '/img/songPic/109951163188724796.jpg', '[00:00.36]如果我们不曾相遇 (《青云志》电视剧插曲) - 五月天\n[00:00.79]词：阿信\n[00:00.94]曲：阿信\n[00:01.09]编曲：五月天/陶山\n[00:04.80]如果我们不曾相遇\n[00:09.38]我会是在哪里\n[00:13.94]如果我们从不曾相识\n[00:18.52]不存在这首歌曲\n[00:22.85]每秒都活着 每秒都死去\n[00:27.52]每秒都问着自己\n[00:31.81]谁不曾找寻 谁不曾怀疑\n[00:36.73]茫茫人生奔向何地\n[00:41.89]那一天 那一刻 那个场景\n[00:46.35]你出现在我生命\n[00:50.87]从此后 从人生 重新定义\n[00:55.37]从我故事里苏醒\n[01:02.40]如果我们不曾相遇\n[01:06.89]你又会在哪里\n[01:11.56]如果我们从不曾相识\n[01:16.17]人间又如何运行\n[01:20.41]晒伤的脱皮 意外的雪景\n[01:25.08]与你相依的四季\n[01:29.64]苍狗又白云 身旁有了你\n[01:34.28]匆匆轮回又有何惧\n[01:39.46]那一天 那一刻 那个场景\n[01:44.06]你出现在我生命\n[01:48.49]每一分 每一秒 每个表情\n[01:53.18]故事都充满惊奇\n[01:57.93]偶然与巧合 舞动了蝶翼\n[02:00.23]谁的心头风起\n[02:02.45]前仆而后继 万千人追寻\n[02:04.91]荒漠唯一菩提\n[02:07.11]是擦身相遇 或擦肩而去\n[02:09.34]命运犹如险棋\n[02:11.71]无数时间线 无尽可能性\n[02:13.89]终于交织向你\n[02:16.50]那一天 那一刻 那个场景\n[02:20.86]你出现在我生命\n[02:25.47]未知的 未来里 未定机率\n[02:30.06]然而此刻拥有你\n[02:34.99]某一天 某一刻 某次呼吸\n[02:39.33]我们终将再分离\n[02:43.92]而我的 自传里 曾经有你\n[02:48.50]没有遗憾的诗句\n[02:55.04]诗句里 充满感激\n[03:00.44]如果我们不曾相遇\n[03:04.68]我会是在哪里\n[03:09.27]如果我们从不曾相识\n[03:13.88]不存在这首歌曲', '/song/五月天-如果我们不曾相遇.mp3', '2024-05-24 11:12:55', '2024-05-25 16:42:45', 0),
	(76, 14, '朴树-平凡之路', '平凡之路', '/img/songPic/18885211718782327.jpg', '[00:00.00]朴树 - 平凡之路(《后会无期》电影主题曲)\n[00:03.25]词：韩寒/朴树\n[00:04.38]曲：朴树\n[00:11.80]徘徊着的 在路上的\n[00:17.58]你要走吗 Via Via\n[00:23.30]易碎的 骄傲着\n[00:29.01]那也曾是我的模样\n[00:34.70]沸腾着的 不安着的\n[00:40.46]你要去哪 Via Via\n[00:46.19]谜一样的 沉着的\n[00:51.92]故事你真的在听吗\n[00:56.16]我曾经跨过山和大海\n[00:59.28]也穿过人山人海\n[01:01.90]我曾经拥有着的一切\n[01:05.02]转眼都飘散如烟\n[01:07.61]我曾经失落失望失掉所有方向\n[01:13.44]直到看见平凡才是唯一的答案\n[01:31.85]当你仍然 还在幻想\n[01:37.66]你的明天 Via Via\n[01:43.20]她会好吗 还是更烂\n[01:49.01]对我而言是另一天\n[01:53.37]我曾经毁了我的一切\n[01:56.43]只想永远地离开\n[01:59.03]我曾经堕入无边黑暗\n[02:02.13]想挣扎无法自拔\n[02:04.84]我曾经像你像他像那野草野花\n[02:10.65]绝望着 也渴望着\n[02:13.55]也哭也笑平凡着\n[03:03.42]向前走 就这么走\n[03:06.10]就算你被给过什么\n[03:08.95]向前走 就这么走\n[03:11.88]就算你被夺走什么\n[03:14.68]向前走 就这么走\n[03:17.63]就算你会错过什么\n[03:20.42]向前走 就这么走\n[03:23.22]就算你会\n[03:24.98]我曾经跨过山和大海\n[03:27.92]也穿过人山人海\n[03:30.55]我曾经拥有着的一切\n[03:33.61]转眼都飘散如烟\n[03:36.12]我曾经失落失望失掉所有方向\n[03:42.23]直到看见平凡才是唯一的答案\n[03:47.85]我曾经毁了我的一切\n[03:50.74]只想永远地离开\n[03:53.19]我曾经堕入无边黑暗\n[03:56.41]想挣扎无法自拔\n[03:58.91]我曾经像你像他像那野草野花\n[04:04.91]绝望着 也渴望着\n[04:07.89]也哭也笑平凡着\n[04:10.78]我曾经跨过山和大海\n[04:13.56]也穿过人山人海\n[04:16.32]我曾经问遍整个世界\n[04:19.34]从来没得到答案\n[04:21.85]我不过像你像他像那野草野花\n[04:27.99]冥冥中这是我 唯一要走的路啊\n[04:34.69]时间无言 如此这般\n[04:40.38]明天已在 Hia Hia\n[04:46.09]风吹过的 路依然远\n[04:51.84]你的故事讲到了哪', '/song/朴树-平凡之路.mp3', '2024-05-24 11:12:55', '2024-05-25 16:42:53', 0),
	(78, 26, 'Beyond-光辉岁月', '光辉岁月', '/img/songPic/29686813951246.jpg', '[00:00.61]beyond - 光辉岁月\n[00:01.47]词：黄家驹\n[00:02.18]曲：黄家驹\n[00:02.89]编曲：黄家驹\n[00:28.57]钟声响起归家的讯号\n[00:32.98]在他生命里\n[00:36.27]仿佛带点唏嘘\n[00:41.51]黑色肌肤给他的意义\n[00:45.94]是一生奉献 肤色斗争中\n[00:54.20]年月把拥有变作失去\n[01:00.96]疲倦的双眼带着期望\n[01:07.45]今天只有残留的躯壳\n[01:11.08]迎接光辉岁月\n[01:14.22]风雨中抱紧自由\n[01:20.41]一生经过彷徨的挣扎\n[01:24.02]自信可改变未来\n[01:27.23]问谁又能做到\n[01:43.17]可否不分肤色的界限\n[01:47.58]愿这土地里\n[01:50.78]不分你我高低\n[01:56.05]缤纷色彩闪出的美丽\n[02:00.51]是因它没有\n[02:03.70]分开每种色彩\n[02:08.75]年月把拥有变作失去\n[02:15.46]疲倦的双眼带着期望\n[02:21.95]今天只有残留的躯壳\n[02:25.61]迎接光辉岁月\n[02:28.86]风雨中抱紧自由\n[02:34.89]一生经过彷徨的挣扎\n[02:38.64]自信可改变未来\n[02:41.78]问谁又能做到\n[03:23.66]今天只有残留的躯壳\n[03:27.21]迎接光辉岁月\n[03:30.40]风雨中抱紧自由\n[03:36.59]一生经过彷徨的挣扎\n[03:40.20]自信可改变未来\n[03:43.41]问谁又能做到\n[03:59.33]今天只有残留的躯壳\n[04:02.83]迎接光辉岁月\n[04:06.12]风雨中抱紧自由\n[04:12.30]一生经过彷徨的挣扎\n[04:15.85]自信可改变未来\n[04:19.10]问谁又能做到\n[04:34.93]今天只有残留的躯壳\n[04:38.53]迎接光辉岁月\n[04:41.76]风雨中抱紧自由\n[04:47.89]一生经过彷徨的挣扎\n[04:51.60]自信可改变未来', '/song/Beyond-光辉岁月.mp3', '2024-05-24 11:12:55', '2024-05-25 16:42:56', 0),
	(81, 8, '王力宏-唯一', '唯一', '/img/songPic/4460718673904110.jpg', '[00:00.25]萌萌哒天团 - 唯一\n[00:01.01]作词：芊芊\n[00:01.77]作曲：芊芊\n[00:18.29]说好生生世世在一起\n[00:22.24]但不知为何每一世都找不到你\n[00:26.23]如果不小心找到了你\n[00:30.17]老天任何考验也不要与我别离\n[00:34.22]当初在天庭相遇情景清晰\n[00:38.16]不切实际的寻寻觅觅\n[00:42.15]却换来满心的悲与凄\n[00:46.20]不再相信两情总依依\n[00:49.78]万杞梁和孟姜女\n[00:53.01]万里长城也只是绝壁\n[00:57.21]而那梁山伯与祝英台\n[01:00.95]生死相随竟是蝴蝶意\n[01:05.13]明明白白的愿力加业力\n[01:09.02]看不见的世界都在天上\n[01:13.12]看得见的世界在身旁\n[01:17.01]真心都叫做唯一\n[01:38.14]时空的差距眼神交集\n[01:42.13]只为你那短暂的笑颜舍命不惜\n[01:46.18]爱在错的时机泪着地\n[01:50.15]坚持着无悔的决定我依然孤寂\n[01:54.15]是目眩神迷从来不忘自己\n[01:58.14]深情的胸襟有过泪滴\n[02:02.09]无畏惧痛在心隐于底\n[02:06.18]捍卫你是使命别问起\n[02:09.71]万杞梁和孟姜女\n[02:12.95]万里长城也只是绝壁\n[02:17.15]而那梁山伯与祝英台\n[02:20.95]生死相随竟是蝴蝶意\n[02:25.09]明明白白的愿力加业力\n[02:28.93]看不见的世界都在天上\n[02:33.13]看得见的世界在身旁\n[02:36.91]真心都叫做唯一\n[02:41.76]万杞梁和孟姜女\n[02:45.00]万里长城也只是绝壁\n[02:49.09]而那梁山伯与祝英台\n[02:52.98]生死相随竟是蝴蝶意\n[02:57.12]明明白白的愿力加业力\n[03:00.96]看不见的世界都在天上\n[03:05.10]看得见的世界在身旁\n[03:08.94]真心都叫做唯一\n[03:14.30]真心都叫做唯一', '/song/王力宏-唯一.mp3', '2024-05-24 11:12:55', '2024-05-25 16:43:09', 0),
	(87, 30, 'Yiruma - River Flows in You', 'River Flows in You', '/img/songPic/2324367581169008.jpg', '[00:00:00]轻音乐', '/song/Yiruma - River Flows in You.mp3', '2024-05-24 11:12:55', '2024-05-25 16:47:12', 0),
	(89, 20, '胡歌-忘记时间', '忘记时间', '/img/songPic/46179488378975.jpg', '[00:03.25]胡歌 - 忘记时间\n[00:05.10]作词：孙艺\n[00:06.35]作曲：程振兴\n[00:32.76]沉默着走了有 多遥远\n[00:40.40]抬起头 蓦然间 才发现\n[00:47.38]一直倒退 倒退到原点\n[00:54.86]倔强坚持 对抗时间\n[01:02.43]说好了的永远 断了线\n[01:09.91]期许了 不变的 却都已改变\n[01:16.93]紧闭 双眼 才能看得见\n[01:23.94]那些曾经温暖 鲜艳过的画面\n[01:30.79]渐渐地忘记 赶不上明天\n[01:34.44]只要用力地抓紧了想念\n[01:38.51]明天再也 没有你的笑脸\n[01:45.49]渐渐地忘记 忘记了时间\n[01:49.26]我只要沿着记忆的路线\n[01:53.44]到最深处 纵然那只是瞬间\n[02:01.63]当眼泪 滑落的 是句点\n[02:08.88]心里面 始终你 从没有走远\n[02:15.67]耳边 誓言 还在回旋\n[02:22.91]我会好好珍惜 没有你的明天\n[02:59.43]渐渐地忘记 赶不上明天\n[03:02.93]只要用力地抓紧了想念\n[03:07.18]明天再也 没有你的笑脸\n[03:14.25]渐渐地忘记 忘记了时间\n[03:17.91]我只要沿着记忆的路线\n[03:22.17]到最深处 纵然那只是瞬间\n[03:28.91]渐渐地忘记 忘记了时间\n[03:32.59]我只要沿着记忆的路线\n[03:37.02]到最深处 纵然那只是瞬间', '/song/胡歌-忘记时间.mp3', '2024-05-24 11:12:55', '2024-05-25 16:43:16', 0),
	(92, 21, '陈势安-天后', '天后', '/img/songPic/109951163272878671.jpg', '[00:02.81]作词：彭学斌\n[00:04.61]作曲：彭学斌\n[00:24.96]终于找到借口\n[00:28.01]趁着醉意上心头\n[00:30.91]表达我所有感受\n[00:35.06]寂寞渐浓\n[00:37.36]沉默留在舞池角落\n[00:41.36]你说的太少或太多\n[00:44.71]都会让人更惶恐\n[00:49.02]谁任由谁放纵\n[00:51.97]谁会先让出自由\n[00:54.87]最后一定总是我\n[00:58.62]双脚悬空\n[01:01.27]在你冷酷热情间游走\n[01:05.52]被侵占所有还要笑着接受\n[01:10.72]我嫉妒你的爱气势如虹\n[01:16.67]像个人气高居不下的天后\n[01:22.68]你要的不是我而是一种虚荣\n[01:28.63]有人疼才显得多么出众\n[01:34.63]我陷入盲目狂恋的宽容\n[01:40.63]成全了你万众宠爱的天后\n[01:46.69]若爱只剩诱惑只剩彼此忍受\n[01:52.69]别再互相折磨\n[01:57.94]因为我们都有错\n[02:15.94]推开苍白的手\n[02:18.99]推开苍白的厮守\n[02:21.94]管你有多么失措\n[02:25.59]别再叫我\n[02:28.29]心软是最致命的脆弱\n[02:32.44]我明明都懂却仍拼死效忠\n[02:37.65]我嫉妒你的爱气势如虹\n[02:43.65]像个人气高居不下的天后\n[02:49.70]你要的不是我而是一种虚荣\n[02:55.65]有人疼才显得多么出众\n[03:01.65]我陷入盲目狂恋的宽容\n[03:07.65]成全了你万众宠爱的天后\n[03:13.75]若爱只剩诱惑只剩彼此忍受\n[03:19.70]别再互相折磨\n[03:24.90]因为我们都有错\n[03:49.70]如果有一天爱不再迷惑\n[03:55.65]足够去看清所有是非对错\n[04:01.75]直到那个时候你在我的心中\n[04:07.65]将不再被歌颂\n[04:13.75]把你当作天后\n[04:20.30]不会再是我', '/song/陈势安-天后.mp3', '2024-05-24 11:12:55', '2024-05-25 16:43:21', 0),
	(93, 22, '王菲-匆匆那年', '匆匆那年', '/img/songPic/2542070884980240.jpg', '[00:00.60]王菲 - 匆匆那年\n[00:01.60]词：林夕\n[00:02.60]曲：梁翘柏\n[00:28.68]匆匆那年我们\n[00:30.03]究竟说了几遍\n[00:31.49]再见之后再拖延\n[00:34.27]可惜谁有没有\n[00:35.53]爱过不是一场\n[00:36.83]七情上面的雄辩\n[00:39.62]匆匆那年我们\n[00:41.13]一时匆忙撂下\n[00:42.38]难以承受的诺言\n[00:45.49]只有等别人兑现\n[00:51.26]不怪那吻痕还\n[00:53.72]没积累成茧\n[00:56.63]拥抱着冬眠也没能\n[01:00.09]羽化再成仙\n[01:02.25]不怪这一段情\n[01:04.96]没空反复再排练\n[01:07.77]是岁月宽容恩赐\n[01:11.85]反悔的时间\n[01:18.70]如果再见不能红着眼\n[01:21.76]是否还能红着脸\n[01:24.82]就像那年匆促\n[01:26.22]刻下永远一起\n[01:27.62]那样美丽的谣言\n[01:30.03]如果过去还值得眷恋\n[01:33.40]别太快冰释前嫌\n[01:35.95]谁甘心就这样\n[01:39.03]彼此无挂也无牵\n[01:41.69]我们要互相亏欠\n[01:47.15]要不然凭何怀缅\n[01:58.60]匆匆那年我们\n[01:59.85]见过太少世面\n[02:01.00]只爱看同一张脸\n[02:04.07]那么莫名其妙\n[02:05.47]那么讨人欢喜\n[02:06.78]闹起来又太讨厌\n[02:09.84]相爱那年活该\n[02:11.14]匆匆因为我们\n[02:12.84]不懂顽固的诺言\n[02:15.36]只是分手的前言\n[02:21.16]不怪那天太冷\n[02:23.82]泪滴水成冰\n[02:26.73]春风也一样没\n[02:29.39]吹进凝固的照片\n[02:32.20]不怪每一个人\n[02:35.06]没能完整爱一遍\n[02:37.97]是岁月善意落下\n[02:41.93]残缺的悬念\n[02:48.82]如果再见不能红着眼\n[02:51.68]是否还能红着脸\n[02:54.88]就像那年匆促\n[02:56.09]刻下永远一起\n[02:57.35]那样美丽的谣言\n[02:59.91]如果过去还值得眷恋\n[03:03.12]别太快冰释前嫌\n[03:05.94]谁甘心就这样\n[03:08.90]彼此无挂也无牵\n[03:11.25]如果再见不能红着眼\n[03:14.11]是否还能红着脸\n[03:17.27]就像那年匆促\n[03:18.68]刻下永远一起\n[03:19.93]那样美丽的谣言\n[03:22.54]如果过去还值得眷恋\n[03:25.49]别太快冰释前嫌\n[03:28.40]谁甘心就这样\n[03:31.42]彼此无挂也无牵\n[03:34.18]我们要互相亏欠\n[03:39.83]我们要藕断丝连', '/song/王菲-匆匆那年.mp3', '2024-05-24 11:12:55', '2024-05-25 16:43:25', 0),
	(99, 27, 'The Piano Guys-Let It Go', '冰雪奇缘', '/img/songPic/109951163437997103.jpg', '[00:00:00]钢琴曲', '/song/The Piano Guys-Let It Go.mp3', '2024-05-24 11:12:55', '2024-05-25 16:48:09', 0),
	(101, 29, 'Shayne Ward-Until You', 'Until You', '/img/songPic/18252992533269375.jpg', '[00:00:00]暂无歌词', '/song/Shayne Ward-Until You.mp3', '2024-05-24 11:12:55', '2024-05-25 16:45:29', 0),
	(102, 24, 'Celine Dion-My Heart Will Go On', 'My Heart Will Go On', '/img/songPic/813638604607979.jpg', '[00:00:00]暂无歌词', '/song/Celine Dion-My Heart Will Go On.mp3', '2024-05-24 11:12:55', '2024-05-25 16:47:48', 0),
	(107, 33, 'Jessica - Falling Crazy in Love', 'Falling Crazy in Love', '/img/songPic/1366692963716373.jpg', '[00:00:00]暂无歌词', '/song/Jessica - Falling Crazy in Love.mp3', '2024-05-24 11:12:55', '2024-05-25 16:43:38', 0),
	(112, 31, 'Tone Damli Aaberge - Stupid', 'Stupid', '/img/songPic/1775711278864263.jpg', '[00:00:00]暂无歌词', '/song/Tone Damli Aaberge - Stupid.mp3', '2024-05-24 11:12:55', '2024-05-25 16:46:36', 0),
	(113, 32, 'Sanna Nielsen-Undo', 'Undo', '/img/songPic/1775711278864263.jpg', '[00:00:00]暂无歌词', '/song/Sanna Nielsen-Undo.mp3', '2024-05-24 11:12:55', '2024-05-25 16:43:47', 0);

-- 导出  表 music.song_list 结构
CREATE TABLE IF NOT EXISTS `song_list` (
  `id` int unsigned NOT NULL AUTO_INCREMENT COMMENT '主键id',
  `title` varchar(255) NOT NULL COMMENT '标题',
  `pic` varchar(255) DEFAULT NULL COMMENT '图片',
  `introduction` text COMMENT '简介',
  `style` varchar(10) DEFAULT '无' COMMENT '风格',
  `create_time` datetime DEFAULT CURRENT_TIMESTAMP COMMENT '创建时间',
  `update_time` datetime DEFAULT CURRENT_TIMESTAMP ON UPDATE CURRENT_TIMESTAMP COMMENT '更新时间',
  `is_deleted` tinyint(1) NOT NULL DEFAULT '0' COMMENT '逻辑删除标志',
  PRIMARY KEY (`id`)
) ENGINE=InnoDB AUTO_INCREMENT=6 DEFAULT CHARSET=utf8mb3 COMMENT='歌单信息';

-- 正在导出表  music.song_list 的数据：~5 rows (大约)
DELETE FROM `song_list`;
INSERT INTO `song_list` (`id`, `title`, `pic`, `introduction`, `style`, `create_time`, `update_time`, `is_deleted`) VALUES
	(1, '睡觉必备心灵鸡汤', '/img/songListPic/109951163879964479.jpg', '缓缓的声音，流进心里的枯井', '轻音乐', '2024-05-24 11:13:18', '2024-05-25 16:34:12', 0),
	(2, '晚安曲丨我温柔而通透的小宇宙', '/img/songListPic/109951163646671507.jpg', '晚安～今夜好梦啊！', '轻音乐', '2024-05-24 11:13:18', '2024-05-25 16:34:13', 0),
	(3, '人生就要嗨', '/img/songListPic/109951163938242029.jpg', '我命由我不由天', '日韩-BGM', '2024-05-24 11:13:18', '2024-05-25 16:34:16', 0),
	(4, '写作业专用BGM（钢琴向）', '/img/songListPic/1390882211100783.jpg', '暂时停更啦 我来排排顺序', '乐器-轻音乐', '2024-05-24 11:13:18', '2024-05-25 16:34:19', 0),
	(5, '各种乐器演绎流行曲', '/img/songListPic/3416182643161526.jpg', '乐器成精系列之用各种成精乐器重新演绎这些流行歌曲，让你耳目一新', '乐器', '2024-05-24 11:13:18', '2024-05-25 16:34:19', 0);

-- 导出  表 music.user_support 结构
CREATE TABLE IF NOT EXISTS `user_support` (
  `id` int NOT NULL AUTO_INCREMENT COMMENT '主键id',
  `comment_id` int NOT NULL COMMENT '评论id',
  `user_id` varchar(45) NOT NULL COMMENT '用户id',
  `create_time` datetime DEFAULT CURRENT_TIMESTAMP COMMENT '创建时间',
  `update_time` datetime DEFAULT CURRENT_TIMESTAMP ON UPDATE CURRENT_TIMESTAMP COMMENT '更新时间',
  `is_deleted` tinyint(1) NOT NULL DEFAULT '0' COMMENT '逻辑删除标志',
  PRIMARY KEY (`id`)
) ENGINE=InnoDB AUTO_INCREMENT=5 DEFAULT CHARSET=latin1 COMMENT='用户支持操作';

-- 正在导出表  music.user_support 的数据：~2 rows (大约)
DELETE FROM `user_support`;
INSERT INTO `user_support` (`id`, `comment_id`, `user_id`, `create_time`, `update_time`, `is_deleted`) VALUES
	(2, 1, '2', '2024-05-25 15:35:31', '2024-05-25 15:35:31', 0),
	(4, 2, '2', '2024-05-25 16:18:13', '2024-05-25 16:18:13', 0);

/*!40103 SET TIME_ZONE=IFNULL(@OLD_TIME_ZONE, 'system') */;
/*!40101 SET SQL_MODE=IFNULL(@OLD_SQL_MODE, '') */;
/*!40014 SET FOREIGN_KEY_CHECKS=IFNULL(@OLD_FOREIGN_KEY_CHECKS, 1) */;
/*!40101 SET CHARACTER_SET_CLIENT=@OLD_CHARACTER_SET_CLIENT */;
/*!40111 SET SQL_NOTES=IFNULL(@OLD_SQL_NOTES, 1) */;
